{
  "train_loss": [
    2.226980784896073,
    2.128367711024679,
    2.097384247810218,
    2.0685812067833678,
    2.0485068324265208,
    2.030811951418591,
    2.0171181639288642,
    2.002092201998279,
    1.9888841217490518,
    1.9707543257695095,
    1.95459260758321,
    1.9267128888209155,
    1.867650693389261,
    1.7939780874616782,
    1.7020161303744954,
    1.6057057054179489,
    1.5196202613745526,
    1.3916806840592888,
    1.1256126264098343,
    0.764128553449728,
    0.41221428411022115,
    0.2725419030068027,
    0.1907629223101458,
    0.16506648246364988,
    0.11489823220926486,
    0.12357542807366817,
    0.10112316548753127,
    0.09085136000660195,
    0.0825503307578575,
    0.0643333066996353,
    0.05630494421051376,
    0.04590224699787558,
    0.05038268207038522,
    0.04141236817209157,
    0.05248590488621526,
    0.04679995781451369,
    0.013838229743188402,
    0.009401447747709455,
    0.007122421525211139,
    0.00956769256999384,
    0.010033045484978041,
    0.0081500997197752,
    0.007461698401043085,
    0.01076731571996626,
    0.008960115261543482,
    0.007861734267990075,
    0.006183634323322297,
    0.004822778900077561,
    0.006207603360985993,
    0.004687938430723971
  ],
  "train_acc": [
    0.14079609356678216,
    0.15834948306630373,
    0.17154067147309612,
    0.17657926284773334,
    0.18529601784268762,
    0.19396577224989606,
    0.19778230890726586,
    0.21023107600060237,
    0.21369034507472046,
    0.2224485042748178,
    0.23066943864913503,
    0.24077151601861238,
    0.2664526715210289,
    0.29818967060678325,
    0.335326476081921,
    0.383004621525479,
    0.42942621848385804,
    0.4991789276053192,
    0.5937730208703667,
    0.7267349020690675,
    0.8761380212322162,
    0.9256411452961576,
    0.9480653340649453,
    0.95735680221752,
    0.9714861424865237,
    0.9698443382408968,
    0.9763591403414489,
    0.9800748077167827,
    0.9807107790260557,
    0.9852991069957708,
    0.9864776267367563,
    0.990187762649196,
    0.9887277415603589,
    0.9911818527112342,
    0.9880822494531133,
    0.9904989634349848,
    0.9977866407412632,
    0.9982330791509835,
    0.9988050278584668,
    0.9982554468379659,
    0.9983053940116979,
    0.9985991014037162,
    0.9985600744083429,
    0.9978471751425676,
    0.99848838444728,
    0.9984490992916617,
    0.9988877811249653,
    0.9993727093289613,
    0.999154330438869,
    0.9993074729943731
  ],
  "test_loss": 0.0012721952134597814,
  "test_acc": 1.0,
  "val_loss": [
    2.1073309257626534,
    2.0954016372561455,
    2.0505902357399464,
    2.043475218117237,
    2.0399548411369324,
    2.0192922353744507,
    2.0070685110986233,
    2.0007341280579567,
    1.986727625131607,
    1.956308875232935,
    1.9288777150213718,
    1.9325486719608307,
    1.7972182221710682,
    1.6676543392241001,
    1.5918949618935585,
    1.4900187030434608,
    1.4321684166789055,
    1.1603245250880718,
    0.8043335732072592,
    0.37108643585816026,
    0.1184530621394515,
    0.10155705758370459,
    0.046885305462637916,
    0.02044119952188339,
    0.018499289457395207,
    0.0053688487387262285,
    0.00882127008298994,
    0.0049385512193111936,
    0.0027525280329427915,
    0.0019764853605011012,
    0.003133546400931664,
    0.0008887469302862883,
    0.0062620199387311,
    0.009043627492246742,
    0.0023722679397906177,
    0.0010533287422731519,
    0.0002578115554570104,
    0.00018353169980400708,
    0.00010605332727209316,
    0.00013903547824156703,
    9.18764196740085e-05,
    7.796650197633426e-05,
    0.0001733985682221828,
    0.0002076205232697248,
    0.00011184457480339915,
    8.741333124362427e-05,
    5.232472824445722e-05,
    4.5965939420966606e-05,
    4.198813496714138e-05,
    6.666639978902822e-05
  ],
  "val_acc": [
    0.15935402805916965,
    0.16185197536833584,
    0.18069033580832183,
    0.18170430068857968,
    0.18728319089859724,
    0.19360443856567144,
    0.20787997171282768,
    0.20599160762503743,
    0.2116185729391873,
    0.22653586836531758,
    0.2318418207578361,
    0.23718840768560767,
    0.2848297622986138,
    0.3376830192282796,
    0.38633148465305567,
    0.4443338867276907,
    0.4729491760954261,
    0.5837190374732018,
    0.7086135931313038,
    0.88350810110569,
    0.9680007826536894,
    0.9739792458713055,
    0.9865183923393488,
    0.9941479042172432,
    0.993795720860362,
    0.9990862216800451,
    0.9987084101885557,
    0.9990758970379829,
    0.9996344540268183,
    0.9996386803686619,
    0.9992772154510021,
    0.999820401892066,
    0.9989124052226543,
    0.9983523730188608,
    0.999820401892066,
    1.0,
    1.0,
    1.0,
    1.0,
    1.0,
    1.0,
    1.0,
    1.0,
    1.0,
    1.0,
    1.0,
    1.0,
    1.0,
    1.0,
    1.0
  ]
}