{
  "train_loss": [
    0.7176459921393424,
    0.6932611222479753,
    0.6930264245932269,
    0.6929782966899264,
    0.693052112296888,
    0.6930410087488259,
    0.692987022885851,
    0.693015739796268,
    0.6930075359951918,
    0.6929769607106592,
    0.6929722845933999,
    0.6930213236505058,
    0.693020852508059,
    0.692983716156832,
    0.6930106794758207,
    0.6929622512714119,
    0.6929969351003125,
    0.6929707170292071,
    0.692991718744776,
    0.6930028743045346,
    0.6930057983489553,
    0.6929666794789066,
    0.6929916891322774,
    0.6930224246280209,
    0.6929911234576231,
    0.6929554487489591,
    0.6929768122685184,
    0.692977118264338,
    0.6930109721839808,
    0.6930313649450898
  ],
  "train_acc": [
    0.5018,
    0.5034,
    0.5093,
    0.5093,
    0.5093,
    0.5093,
    0.5093,
    0.5093,
    0.5093,
    0.5093,
    0.5093,
    0.5093,
    0.5093,
    0.5093,
    0.5093,
    0.5093,
    0.5093,
    0.5093,
    0.5093,
    0.5093,
    0.5093,
    0.5093,
    0.5093,
    0.5093,
    0.5093,
    0.5093,
    0.5093,
    0.5093,
    0.5093,
    0.5093
  ],
  "val_loss": [
    1.3893319629132748,
    1.3878609500825405,
    1.3872094713151455,
    1.387076199054718,
    1.3870472609996796,
    1.3873519413173199,
    1.3871025815606117,
    1.3872151002287865,
    1.3871983624994755,
    1.3870894312858582,
    1.3872129917144775,
    1.387436792254448,
    1.3873299285769463,
    1.3873232640326023,
    1.3873249553143978,
    1.387327753007412,
    1.3873043023049831,
    1.3873134404420853,
    1.3872923851013184,
    1.3872843943536282,
    1.3872997500002384,
    1.3872955068945885,
    1.3872984275221825,
    1.387282345443964,
    1.3872794695198536,
    1.3872789926826954,
    1.3872756771743298,
    1.3872800059616566,
    1.3872801028192043,
    1.3872775696218014
  ],
  "val_acc": [
    0.494,
    0.494,
    0.494,
    0.494,
    0.494,
    0.494,
    0.494,
    0.494,
    0.494,
    0.494,
    0.494,
    0.494,
    0.494,
    0.494,
    0.494,
    0.494,
    0.494,
    0.494,
    0.494,
    0.494,
    0.494,
    0.494,
    0.494,
    0.494,
    0.494,
    0.494,
    0.494,
    0.494,
    0.494,
    0.494
  ],
  "test_loss": 1.389699548482895,
  "test_acc": 0.49
}