{
  "train_loss": [
    0.7223908381097636,
    0.6938023096436907,
    0.6936378391685,
    0.6932261605171641,
    0.693264435810648,
    0.6931352471090426,
    0.6930765486826562,
    0.6930245134481199,
    0.6929686604791386,
    0.693000815856229,
    0.6930289279883075,
    0.6930002942206753,
    0.6929788528733952,
    0.693017686248585,
    0.6929730518608336,
    0.692995555461592,
    0.6929371307609947,
    0.6929919226154401,
    0.6929691213711052,
    0.6929713555961657,
    0.6930016715815113,
    0.6929569441801423,
    0.6929893558192405,
    0.6929681916145762,
    0.6929554145806914,
    0.6930002687842982,
    0.6929780696607699,
    0.692956046693644,
    0.6929659718161176,
    0.6929658119845542
  ],
  "train_acc": [
    0.5059,
    0.5063,
    0.497,
    0.5039,
    0.5006,
    0.507,
    0.5093,
    0.5093,
    0.5093,
    0.5093,
    0.5093,
    0.5093,
    0.5093,
    0.5093,
    0.5093,
    0.5093,
    0.5093,
    0.5093,
    0.5093,
    0.5093,
    0.5093,
    0.5093,
    0.5093,
    0.5093,
    0.5093,
    0.5093,
    0.5093,
    0.5093,
    0.5093,
    0.5093
  ],
  "val_loss": [
    1.3905976861715317,
    1.3942962996661663,
    1.3871294483542442,
    1.3861394673585892,
    1.3863275311887264,
    1.3867862075567245,
    1.3868283554911613,
    1.387100975960493,
    1.3872561864554882,
    1.3873265869915485,
    1.3872234299778938,
    1.3872652798891068,
    1.3872475661337376,
    1.387282356619835,
    1.3872330486774445,
    1.3872493244707584,
    1.3872324079275131,
    1.387269053608179,
    1.3872844837605953,
    1.387268140912056,
    1.387287151068449,
    1.3872580043971539,
    1.3872765004634857,
    1.387276016175747,
    1.3872794285416603,
    1.387285478413105,
    1.3872751332819462,
    1.387269999831915,
    1.3872738480567932,
    1.3872716389596462
  ],
  "val_acc": [
    0.494,
    0.494,
    0.494,
    0.506,
    0.494,
    0.494,
    0.494,
    0.494,
    0.494,
    0.494,
    0.494,
    0.494,
    0.494,
    0.494,
    0.494,
    0.494,
    0.494,
    0.494,
    0.494,
    0.494,
    0.494,
    0.494,
    0.494,
    0.494,
    0.494,
    0.494,
    0.494,
    0.494,
    0.494,
    0.494
  ],
  "test_loss": 1.386084157973528,
  "test_acc": 0.51
}