{
  "train_loss": [
    0.7256248183311171,
    0.6939604620265353,
    0.6935187555422448,
    0.6928954614195854,
    0.6930937394974338,
    0.6931470066878447,
    0.6931682665636585,
    0.6930520549701278,
    0.693035328843791,
    0.6930421564229734,
    0.6930002953596176,
    0.692984589725543,
    0.6930133571290666,
    0.6930267328669311,
    0.6930325304626659,
    0.6929942881985075,
    0.692987077175432,
    0.692983401808769,
    0.6929829299070274,
    0.6929725716068487,
    0.6930171536032561,
    0.6929900179243391,
    0.6929808570321199,
    0.6929798965241499,
    0.692990756338569,
    0.6929774770311489,
    0.6929885255303353,
    0.6929778707255224,
    0.692966911823127,
    0.692954786264213
  ],
  "train_acc": [
    0.4985,
    0.4995,
    0.4925,
    0.516,
    0.4997,
    0.5089,
    0.5092,
    0.5093,
    0.5093,
    0.5093,
    0.5093,
    0.5093,
    0.5093,
    0.5093,
    0.5093,
    0.5093,
    0.5093,
    0.5093,
    0.5093,
    0.5093,
    0.5093,
    0.5093,
    0.5093,
    0.5093,
    0.5093,
    0.5093,
    0.5093,
    0.5093,
    0.5093,
    0.5093
  ],
  "val_loss": [
    1.3907631523907185,
    1.3873137272894382,
    1.3875241130590439,
    1.3875349834561348,
    1.3866693936288357,
    1.387188758701086,
    1.3866588585078716,
    1.3872036300599575,
    1.3873523510992527,
    1.387412168085575,
    1.3872856870293617,
    1.387283232063055,
    1.38725770637393,
    1.3873021379113197,
    1.3872842006385326,
    1.3872395381331444,
    1.3872529082000256,
    1.387261401861906,
    1.3872570618987083,
    1.3872452713549137,
    1.387302741408348,
    1.387276154011488,
    1.387268766760826,
    1.387285005301237,
    1.3872850611805916,
    1.3872832730412483,
    1.3872740603983402,
    1.3872767314314842,
    1.387279223650694,
    1.3872775174677372
  ],
  "val_acc": [
    0.494,
    0.494,
    0.494,
    0.494,
    0.494,
    0.494,
    0.494,
    0.494,
    0.494,
    0.494,
    0.494,
    0.494,
    0.494,
    0.494,
    0.494,
    0.494,
    0.494,
    0.494,
    0.494,
    0.494,
    0.494,
    0.494,
    0.494,
    0.494,
    0.494,
    0.494,
    0.494,
    0.494,
    0.494,
    0.494
  ],
  "test_loss": 1.391243327409029,
  "test_acc": 0.49
}