{
  "0": {
    "0": {
      "avg_diag": 0.48389628529548645,
      "avg_operator": 0.08517761528491974,
      "avg_carry": 0.0891190618276596,
      "entropy": 0.2644759714603424
    },
    "1": {
      "avg_diag": 0.4684005677700043,
      "avg_operator": 0.17520025372505188,
      "avg_carry": 0.1391819715499878,
      "entropy": 0.2686953842639923
    },
    "2": {
      "avg_diag": 0.8154471516609192,
      "avg_operator": 0.12704843282699585,
      "avg_carry": 0.1367352157831192,
      "entropy": 0.11105614900588989
    },
    "3": {
      "avg_diag": 0.30153846740722656,
      "avg_operator": 0.1801304817199707,
      "avg_carry": 0.1168346032500267,
      "entropy": 0.993744969367981
    }
  },
  "1": {
    "0": {
      "avg_diag": 0.6052632331848145,
      "avg_operator": 0.1546941101551056,
      "avg_carry": 0.14786313474178314,
      "entropy": 0.3947828412055969
    },
    "1": {
      "avg_diag": 0.563376247882843,
      "avg_operator": 0.13838878273963928,
      "avg_carry": 0.13964855670928955,
      "entropy": 0.7252025604248047
    },
    "2": {
      "avg_diag": 0.1306626796722412,
      "avg_operator": 0.12079697847366333,
      "avg_carry": 0.19485321640968323,
      "entropy": 0.11419711261987686
    },
    "3": {
      "avg_diag": 0.1297614425420761,
      "avg_operator": 0.13383696973323822,
      "avg_carry": 0.23708650469779968,
      "entropy": 0.35856905579566956
    }
  },
  "2": {
    "0": {
      "avg_diag": 0.48680543899536133,
      "avg_operator": 0.08759277313947678,
      "avg_carry": 0.0701301246881485,
      "entropy": 0.25347834825515747
    },
    "1": {
      "avg_diag": 0.45873576402664185,
      "avg_operator": 0.17237789928913116,
      "avg_carry": 0.1376328021287918,
      "entropy": 0.2673196494579315
    },
    "2": {
      "avg_diag": 0.8473498225212097,
      "avg_operator": 0.16272734105587006,
      "avg_carry": 0.14735670387744904,
      "entropy": 0.10103624314069748
    },
    "3": {
      "avg_diag": 0.3082231879234314,
      "avg_operator": 0.11817841976881027,
      "avg_carry": 0.1506839543581009,
      "entropy": 0.8656197786331177
    }
  },
  "3": {
    "0": {
      "avg_diag": 0.5925551652908325,
      "avg_operator": 0.17461684346199036,
      "avg_carry": 0.12384605407714844,
      "entropy": 0.39869198203086853
    },
    "1": {
      "avg_diag": 0.5935168862342834,
      "avg_operator": 0.1341988742351532,
      "avg_carry": 0.13524484634399414,
      "entropy": 0.6938894987106323
    },
    "2": {
      "avg_diag": 0.12893922626972198,
      "avg_operator": 0.12998078763484955,
      "avg_carry": 0.1585816591978073,
      "entropy": 0.11653950065374374
    },
    "3": {
      "avg_diag": 0.13293202221393585,
      "avg_operator": 0.1413061022758484,
      "avg_carry": 0.19782240688800812,
      "entropy": 0.3497094511985779
    }
  },
  "4": {
    "0": {
      "avg_diag": 0.47779545187950134,
      "avg_operator": 0.10444144159555435,
      "avg_carry": 0.09389250725507736,
      "entropy": 0.243508979678154
    },
    "1": {
      "avg_diag": 0.4615806043148041,
      "avg_operator": 0.19026152789592743,
      "avg_carry": 0.14018894731998444,
      "entropy": 0.28210532665252686
    },
    "2": {
      "avg_diag": 0.8282585740089417,
      "avg_operator": 0.14957299828529358,
      "avg_carry": 0.16534654796123505,
      "entropy": 0.12425756454467773
    },
    "3": {
      "avg_diag": 0.2876109480857849,
      "avg_operator": 0.15948404371738434,
      "avg_carry": 0.13786934316158295,
      "entropy": 0.9328497052192688
    }
  },
  "5": {
    "0": {
      "avg_diag": 0.5804939270019531,
      "avg_operator": 0.14383432269096375,
      "avg_carry": 0.13315483927726746,
      "entropy": 0.4408925473690033
    },
    "1": {
      "avg_diag": 0.5694047212600708,
      "avg_operator": 0.15185096859931946,
      "avg_carry": 0.136628657579422,
      "entropy": 0.7216888070106506
    },
    "2": {
      "avg_diag": 0.12800630927085876,
      "avg_operator": 0.11691515892744064,
      "avg_carry": 0.1875125914812088,
      "entropy": 0.13561579585075378
    },
    "3": {
      "avg_diag": 0.13180497288703918,
      "avg_operator": 0.13002519309520721,
      "avg_carry": 0.23921282589435577,
      "entropy": 0.3382701277732849
    }
  },
  "6": {
    "0": {
      "avg_diag": 0.47835615277290344,
      "avg_operator": 0.08821529150009155,
      "avg_carry": 0.10094475746154785,
      "entropy": 0.2809937298297882
    },
    "1": {
      "avg_diag": 0.444318026304245,
      "avg_operator": 0.17065522074699402,
      "avg_carry": 0.13812023401260376,
      "entropy": 0.28008827567100525
    },
    "2": {
      "avg_diag": 0.8595443367958069,
      "avg_operator": 0.15562711656093597,
      "avg_carry": 0.16603589057922363,
      "entropy": 0.12978675961494446
    },
    "3": {
      "avg_diag": 0.3022591769695282,
      "avg_operator": 0.17871621251106262,
      "avg_carry": 0.12420164048671722,
      "entropy": 0.8421007990837097
    }
  },
  "7": {
    "0": {
      "avg_diag": 0.5514118075370789,
      "avg_operator": 0.16261757910251617,
      "avg_carry": 0.12881729006767273,
      "entropy": 0.4230322539806366
    },
    "1": {
      "avg_diag": 0.5782762169837952,
      "avg_operator": 0.12060414254665375,
      "avg_carry": 0.13794754445552826,
      "entropy": 0.7129493355751038
    },
    "2": {
      "avg_diag": 0.12613926827907562,
      "avg_operator": 0.10829360783100128,
      "avg_carry": 0.17592154443264008,
      "entropy": 0.14541324973106384
    },
    "3": {
      "avg_diag": 0.13817480206489563,
      "avg_operator": 0.11763550341129303,
      "avg_carry": 0.2130427360534668,
      "entropy": 0.33650973439216614
    }
  }
}